,mean_fit_time,std_fit_time,mean_score_time,std_score_time,param_colsample_bytree,param_learning_rate,param_max_depth,param_n_estimators,param_subsample,params,split0_test_MSE,split1_test_MSE,split2_test_MSE,split3_test_MSE,split4_test_MSE,mean_test_MSE,std_test_MSE,rank_test_MSE,split0_test_R2,split1_test_R2,split2_test_R2,split3_test_R2,split4_test_R2,mean_test_R2,std_test_R2,rank_test_R2,split0_test_MAE,split1_test_MAE,split2_test_MAE,split3_test_MAE,split4_test_MAE,mean_test_MAE,std_test_MAE,rank_test_MAE,split0_test_MSE_exp,split1_test_MSE_exp,split2_test_MSE_exp,split3_test_MSE_exp,split4_test_MSE_exp,mean_test_MSE_exp,std_test_MSE_exp,rank_test_MSE_exp,split0_test_R2_exp,split1_test_R2_exp,split2_test_R2_exp,split3_test_R2_exp,split4_test_R2_exp,mean_test_R2_exp,std_test_R2_exp,rank_test_R2_exp,split0_test_MAE_exp,split1_test_MAE_exp,split2_test_MAE_exp,split3_test_MAE_exp,split4_test_MAE_exp,mean_test_MAE_exp,std_test_MAE_exp,rank_test_MAE_exp,model_name,feature_col,scaling,param_alpha,param_fit_intercept,param_min_samples_leaf,param_min_samples_split
277,2.968029260635376,0.10314765101919145,0.013748741149902344,0.004255505378792799,0.8,0.2,7.0,300.0,0.8,"{'colsample_bytree': 0.8, 'learning_rate': 0.2, 'max_depth': 7, 'n_estimators': 300, 'subsample': 0.8}",0.17266550990585883,0.0077130630848167864,0.1628488044323119,0.13836952882710668,0.24312005128833558,0.14494339150768595,0.07694563651794785,432,0.9102891708385215,0.9951845406073795,0.9051582684788924,0.9178017997761481,0.8672224996902536,0.9191312558782391,0.041842120848051466,1,0.2404390589225828,0.06502587421822201,0.2504372190101553,0.21989453498127956,0.2958236978698906,0.21432407700042608,0.07867569238918522,423,1800.0947076433638,14.700219806618556,456.6654226050294,81.52131478898576,546.9435262746026,579.98503822372,643.8913082241152,418,0.6545526932044743,0.9772039720274631,0.5665416022457678,0.8905471049011695,0.7736312083521187,0.7724953161461986,0.14978020126026,3,6.768049413709558,0.8446949948560978,3.4052358963684073,2.354544712305345,4.493369261719262,3.573178855791734,2.0005922351987735,430,XGBoost,conc_morgan_fp,y_minmax,,,,
133,2.7412739753723145,0.3011540429209568,0.013313484191894532,0.003718834328656542,0.6,0.2,7.0,300.0,0.8,"{'colsample_bytree': 0.6, 'learning_rate': 0.2, 'max_depth': 7, 'n_estimators': 300, 'subsample': 0.8}",0.20093881507762945,0.009196972882709882,0.19989167161506152,0.1603940683028029,0.2472456710986218,0.1635334397953651,0.08192486980554953,431,0.9069924610413493,0.9948847037807262,0.896289043352219,0.9151161263450189,0.87970503592919,0.9185974740897007,0.03994202136082063,1,0.2541650323747497,0.07415280663359226,0.27171693993404433,0.23819161035022382,0.3012384178174262,0.22789296142200727,0.07966481800987708,423,4039.2449691550523,51.289163078455125,1495.9703975374828,160.68881851469905,1165.4467430412294,1382.5280182653837,1441.05699611217,430,0.6981552217847329,0.9638195417100143,0.41312768597664573,0.9034735857841035,0.8036817069475738,0.756451548440614,0.19396772319566366,1,10.266655696155812,1.3827493767416719,5.333858961936052,3.5477793214460522,6.566795118677102,5.419567694991338,2.987213842010866,428,XGBoost,conc_morgan_fp,Literature,,,,
249,3.603132152557373,0.3941051206565988,0.01576366424560547,0.0022814163163289727,0.8,0.1,9.0,300.0,0.6,"{'colsample_bytree': 0.8, 'learning_rate': 0.1, 'max_depth': 9, 'n_estimators': 300, 'subsample': 0.6}",0.19149883346756982,0.015713284282801117,0.18100086529028825,0.15540187707016784,0.23846264636408232,0.15641550129498188,0.07531952686961836,432,0.9073314251785992,0.9908629734847775,0.9018200906486813,0.9140184672807901,0.8787026969345906,0.9185471307054878,0.038061147463901934,1,0.25360078401398667,0.09354545562124383,0.26798570051115855,0.24147154967312578,0.30242360488340514,0.23180541894058398,0.07208360484807581,411,4154.957515607363,68.26752642396315,1014.6077229127842,147.29818735108802,1123.3164939631977,1301.6894892516793,1490.5918497379237,398,0.6048505012787857,0.9423331988432758,0.5047645865320297,0.8933375833517525,0.7633059501380222,0.7417183640287732,0.16648160740064336,16,9.90989819351622,1.7365220443774276,4.73512069517303,3.3206670474677984,6.353162243049441,5.211074044716783,2.801999130740891,410,XGBoost,conc_morgan_fp,y_standard,,,,
134,2.501196336746216,0.07127543987640708,0.014957761764526368,0.0045725907404570035,0.6,0.2,7.0,300.0,1.0,"{'colsample_bytree': 0.6, 'learning_rate': 0.2, 'max_depth': 7, 'n_estimators': 300, 'subsample': 1.0}",0.5436344416739662,0.3559906547691622,0.5782103875725938,0.5636227403950943,0.6146584266236333,0.5312233302068899,0.09064154332690387,432,0.7175469695719809,0.7777460752826169,0.6632552843599834,0.6651808005821855,0.6643106605196603,0.6976079580632853,0.04507775231304573,1,0.49322669555209736,0.33381693200907514,0.493214293949179,0.4768658113460063,0.5276302957026949,0.4649508057118106,0.06762415155943792,428,2804.7950578668683,133.03773384842026,524.7760588271466,182.08229087791287,535.250401201343,835.9883085243382,998.5218034545578,426,0.4617455988624175,0.7936947921794978,0.5018922423742741,0.7555310051806527,0.7784707547883853,0.6582668786770455,0.1451369299600423,21,9.577599721974472,3.4755986332216247,5.445264106276471,4.905656931242373,6.079593131415758,5.89674250482614,2.031263902608823,426,XGBoost,conc_torsion_fp,y_minmax,,,,
134,2.302604866027832,0.14933446471849252,0.012833356857299805,0.002219765458560959,0.6,0.2,7.0,300.0,1.0,"{'colsample_bytree': 0.6, 'learning_rate': 0.2, 'max_depth': 7, 'n_estimators': 300, 'subsample': 1.0}",0.6140582418409557,0.399757880419445,0.6428141532724994,0.6299525491067967,0.6845462227150786,0.594225809470955,0.10000610474392785,432,0.7157739492549566,0.7776572791490113,0.6664850003805713,0.6666160216968566,0.6669407278177495,0.698694595659829,0.04382148048965004,1,0.5239715280168096,0.3526577775223584,0.5193502919617359,0.5081199764756168,0.5547923221326408,0.4917783792218323,0.07125862168280778,429,7821.294133663035,254.74685551548558,1342.5376118896586,395.071260022805,1523.0574846266784,2267.341469143533,2821.7563267755354,419,0.415530176763274,0.8202961907102218,0.47331968851119566,0.7626791182967779,0.7434425490585856,0.643053544668011,0.1651542615333698,25,14.703182504955725,4.757263175647664,7.976501343582032,7.014966478202503,9.201629176113794,8.730708535700344,3.322441237669513,422,XGBoost,conc_torsion_fp,Literature,,,,
134,2.3269800662994387,0.06872895677050772,0.015221929550170899,0.0024980974119066073,0.6,0.2,7.0,300.0,1.0,"{'colsample_bytree': 0.6, 'learning_rate': 0.2, 'max_depth': 7, 'n_estimators': 300, 'subsample': 1.0}",0.587350695263213,0.38237105879624433,0.6148560040154366,0.602553486632246,0.6547729022850883,0.5683808293984456,0.09565646155504647,432,0.7157739769750697,0.7776572713892119,0.6664849825909167,0.666616174124128,0.6669407625115799,0.6986946335181813,0.0438214551249178,1,0.5124501538578532,0.34490336763236806,0.5079306306319664,0.49694743528272284,0.5425932840409365,0.4809649742891694,0.06969176649041181,429,6012.122065098887,212.32625389908833,1058.56701778432,333.2722018667638,1193.859607303432,1762.0294291904981,2159.8097541545358,420,0.42822832451337267,0.8206442139427959,0.4833078214396386,0.7586690027076628,0.7484418087530211,0.6478582342712982,0.15972802650215223,25,13.236427658592559,4.432498099177344,7.372321552270296,6.5474738843757825,8.444343058058106,8.006612850494818,2.9273974410949823,422,XGBoost,conc_torsion_fp,y_standard,,,,
88,1.2704962730407714,0.18458493739012558,0.0035906314849853517,0.00015182957869814585,0.6,0.1,5.0,300.0,0.8,"{'colsample_bytree': 0.6, 'learning_rate': 0.1, 'max_depth': 5, 'n_estimators': 300, 'subsample': 0.8}",0.09853408346859076,0.00345291351549378,0.04948225736204296,0.0486060395114682,0.0844434901601993,0.05690375680355899,0.033083060396575444,432,0.9488052111075735,0.9978442591954392,0.971181962408942,0.9711256589386504,0.9538820616338037,0.9685678306568818,0.017185565929344903,1,0.16254161542721848,0.0431340135051374,0.14483936940793415,0.13409534328430361,0.16297771303892739,0.12951761093270422,0.04456007434149245,367,1199.8604725930468,13.163068920242448,177.45006982046218,22.11689292549986,379.13625809984484,358.3453524718192,441.2490109499995,419,0.7697406880717337,0.9795876734322586,0.8315676660891402,0.970305214439281,0.8430832206744663,0.878856892541376,0.08237943725467273,9,5.463753275136118,0.5861663915820742,2.1131170799080157,1.4146325479366428,3.285784054997188,2.572690669912008,1.6950121161852496,409,XGBoost,conc_descirptors,y_minmax,,,,
88,1.3121203422546386,0.07194064776013567,0.0040245532989501955,0.00048580504323782506,0.6,0.1,5.0,300.0,0.8,"{'colsample_bytree': 0.6, 'learning_rate': 0.1, 'max_depth': 5, 'n_estimators': 300, 'subsample': 0.8}",0.10871775818624632,0.003883562647432397,0.05787015102771993,0.05414396022808339,0.09456442515668506,0.06383597144923342,0.03655798151952216,432,0.9496783579315026,0.9978399878328368,0.9699748935213558,0.9713458912301894,0.9539906034509995,0.9685659467933767,0.016946175658817026,1,0.17240878215873554,0.04665615494329929,0.15333491106948138,0.14187070315822534,0.17284646324790756,0.13742340291552982,0.04688372391296693,362,3475.5685648254366,37.40841933375321,436.24079537911507,40.82114298425197,1027.989387250882,1003.6056619546878,1287.9122014073976,409,0.7402776433138345,0.9736113113538464,0.8288618240862515,0.975478576587432,0.8268362557224433,0.8690131222127615,0.09191247193098584,8,8.64709214486724,0.9037697029067405,3.113406273090291,1.9108638456618645,5.160692582926012,3.94716490989043,2.7446637426762654,405,XGBoost,conc_descirptors,Literature,,,,
88,1.2395732879638672,0.020957110374478435,0.0038794517517089845,0.0006581851297944912,0.6,0.1,5.0,300.0,0.8,"{'colsample_bytree': 0.6, 'learning_rate': 0.1, 'max_depth': 5, 'n_estimators': 300, 'subsample': 0.8}",0.10398924783198488,0.0037146563742243024,0.055353185641023435,0.05226447230927038,0.09141971067144351,0.0613482545655893,0.03510736210838214,432,0.9496783598163724,0.9978399860159485,0.9699748907839393,0.9710828497014697,0.9534981074791244,0.9684148387593708,0.01702325380793169,1,0.16861769362760412,0.045630307618706796,0.14996332811316176,0.13874337724570537,0.16953967727349256,0.1344988767757341,0.045927636530350126,361,2647.2535033871554,29.17301644776679,336.148710716764,33.73344068976805,800.9571788293035,769.4531700141515,980.2221763371409,409,0.7482378842811099,0.9753570309815021,0.8359240305596888,0.9755727455270385,0.8312302904462263,0.873264396359113,0.0890872628987202,9,7.700447633028025,0.8247909786694684,2.8483635221157013,1.7781527202055034,4.620038894651517,3.5543587497340434,2.4260916939404047,404,XGBoost,conc_descirptors,y_standard,,,,
124,0.42171545028686525,0.02879570020454798,0.0068070411682128905,0.005110851904766531,0.6,0.2,5.0,300.0,0.8,"{'colsample_bytree': 0.6, 'learning_rate': 0.2, 'max_depth': 5, 'n_estimators': 300, 'subsample': 0.8}",0.16562158561339324,0.0017711301339780085,0.16491520676164045,0.1147043715525237,0.18223724780627332,0.12584990837356175,0.06604117215400662,432,0.9139489422032387,0.9988942388846778,0.9039548136815669,0.9318600491065747,0.900473012823004,0.9298262113398124,0.036214792779175796,1,0.2130122218821292,0.03213506136224685,0.2285799098609225,0.19293911905424663,0.2325485305313482,0.17984296853817866,0.07515650348777646,400,1869.8080781761396,2.2928581269281754,563.2667883726779,80.53999025573896,230.6806399028795,549.3176709668728,687.6638293190733,402,0.6411743437232329,0.9964444029622618,0.4653575516984977,0.8918646598433757,0.9045259790036213,0.7798733874461978,0.196540557698669,73,6.110618906573444,0.3510585947279181,3.26039631519233,2.1463992930865765,3.3979153634859336,3.0532776946132407,1.877947019012383,421,XGBoost,conc_morfeus_descirptors,y_minmax,,,,
124,0.39473276138305663,0.025544865596425326,0.0033324718475341796,0.0003775797212537349,0.6,0.2,5.0,300.0,0.8,"{'colsample_bytree': 0.6, 'learning_rate': 0.2, 'max_depth': 5, 'n_estimators': 300, 'subsample': 0.8}",0.18605594448878363,0.0019734191913495912,0.1858583913252864,0.13125569823949657,0.20045002515087004,0.14111869567915725,0.07348454264854706,432,0.9138812205155896,0.9989023971411799,0.9035700116486959,0.9305367572270561,0.9024729999665047,0.9298726772998052,0.035955089909310255,1,0.22805195599464526,0.03430837987731316,0.24038085153627775,0.20454285877357473,0.24339875604792932,0.19013656044594804,0.07910611958371278,396,5123.412884192621,6.865679855809546,1550.2874127707632,201.17691522018765,602.3421627611028,1496.8170109600972,1889.6444211769551,395,0.6171375003141089,0.9951568045032136,0.39181900736023045,0.8791522245995992,0.8985360884717981,0.75636032504979,0.22117365310056855,107,9.669668498733506,0.5611283998450763,4.857802690885941,3.1420965080282652,5.050168461766284,4.656172911851814,2.9796926678018227,409,XGBoost,conc_morfeus_descirptors,Literature,,,,
124,0.37752580642700195,0.030132610039146752,0.0030196666717529296,0.00016044019337887704,0.6,0.2,5.0,300.0,0.8,"{'colsample_bytree': 0.6, 'learning_rate': 0.2, 'max_depth': 5, 'n_estimators': 300, 'subsample': 0.8}",0.17796370824692306,0.001887581773735491,0.1775301909026789,0.12554697324127598,0.19173179126285156,0.134932049085493,0.07025873044504576,432,0.9138812340809023,0.9989024010254082,0.9037026810783841,0.930536738737921,0.9024729887607803,0.9298992087366791,0.03593571512055692,1,0.2230373857703258,0.03355392651789644,0.23481531725230878,0.20004528907744165,0.23804683172699795,0.18589975006899412,0.07733123696294844,399,3909.805857127779,5.436878715082724,1210.1705384545648,163.55455025673723,467.62318446383256,1151.3182018035993,1440.0609470963839,394,0.6281651933291861,0.9954073712612818,0.4093093385315969,0.8815659316796611,0.9014671057222761,0.7631829881048005,0.214719140933187,103,8.647885879725012,0.5152543614135715,4.450261579656383,2.904939979687589,4.595995319991308,4.222867424094773,2.655373730104066,408,XGBoost,conc_morfeus_descirptors,y_standard,,,,
0,9.640366125106812,0.04907921854347497,766.8917406558991,382.2496043216011,,,,,,{'alpha': 1e-10},5.156198337500413,0.0001376322199942095,5.238371402425327,5.126091566162071,5.486845543247118,4.201528896310984,2.104517982426371,2,-1.6789764118520334,0.9999140727413727,-2.050782079049114,-2.0451466048401015,-1.9965839179344496,-1.354314988186865,1.1851264591322144,1,1.6421086703622179,0.0012056542544654695,1.7138989721712123,1.7428328990204025,1.808552575467826,1.3817197542552249,0.6923226937395687,2,5173.134750279742,0.07343284264706657,1035.913016656816,628.0711180790494,2443.0761957331665,1856.053702718284,1842.436257712874,2,0.007249196619196874,0.9998861257071591,0.016730467896232115,0.1567333969078809,-0.011139504838307168,0.23389193645843234,0.3876253295031873,1,13.691612254337144,0.02122549545655784,7.434478376045144,7.14263002300836,10.89813126428587,7.837615482626616,4.590806286488217,2,GaussianProcess,conc_morgan_fp,y_minmax,1e-10,,,
0,8.86568660736084,0.4467533491191303,2.2024769306182863,0.07115092894056216,,,,,,{'alpha': 1e-10},2.365440781309555,0.00015449273169658605,2.2646304588766264,2.1130517359674768,2.389959889269084,1.8266474716308878,0.918428245660466,2,-0.09487968034963523,0.999914072152171,-0.1749713704735525,-0.11827088420555487,-0.1628116186334474,0.0897961036979962,0.45598776517197903,1,0.8779460218239685,0.0012773701536782415,0.9232104038065422,0.906210337594952,0.9549685565220789,0.732722537980244,0.36657300233280954,2,13229.05390210203,0.15156986810026613,2479.291122086814,1363.3561024577796,5928.430439911963,4600.0566272853375,4740.404499778004,2,0.011418997468455094,0.9998930794155788,0.027368910272711378,0.18102655128071843,0.0013620515970778069,0.24421391800690836,0.38346731274714624,1,19.833810013643262,0.030057547409971956,9.667921955511062,9.159366189452241,15.013087109109883,10.740848563025285,6.622798084198181,2,GaussianProcess,conc_morgan_fp,Literature,1e-10,,,
0,11.467989540100097,0.20253034735284595,2.5378080368041993,0.05039574527031806,,,,,,{'alpha': 1e-10},1.3375878528027514,0.00014777327912598014,1.1310847666852553,1.0835407446919088,1.3301320721241678,0.9764986419166419,0.4988101686223837,2,0.3527252475997993,0.9999140721732444,0.38646812718980794,0.40049312306402585,0.3234100370456692,0.4926021214145092,0.25507073878871345,1,0.7283663976315409,0.0012492808691073342,0.7389567004890554,0.7311638409080982,0.7968045475772199,0.5993081534950043,0.3000742941880799,2,10269.372950821396,0.1298376495172277,1925.988597150598,1069.2491036164176,4622.781603594782,3577.504418566542,3679.4066633650946,2,0.023350405279633613,0.999890323814124,0.059914745665243796,0.2257291454723589,0.025933559008041063,0.2669636358478803,0.37395025340407895,1,17.681781709185298,0.027978115482482455,8.622893760351626,8.206829326861628,13.465240876519452,9.600944757680098,5.91226762336311,2,GaussianProcess,conc_morgan_fp,y_standard,1e-10,,,
1,10.327685070037841,0.04585415486098073,2.7762897968292237,0.026406617378771268,,,,,,{'alpha': 1e-08},2.0169810818657345,0.2906760874500698,2.0525246786722025,1.8203079067624142,2.0924676415630112,1.6545914792626863,0.6883516135151548,1,-0.04795129818251764,0.8185236033817717,-0.19537257392632124,-0.08135103918779718,-0.14277955048743807,0.07021382831953951,0.3775724412906654,1,0.9085982647459463,0.2247444030092208,0.9569701425023656,0.9484438682850592,1.0256759504417743,0.8128865257968731,0.2964749954097054,2,4851.041305367544,58.900874734344164,360.7716839437688,560.3174567279531,1896.224952455789,1545.4512546458798,1768.262089598686,2,0.06906056277063599,0.9086608223744745,0.6575621706033672,0.24770143891773788,0.2151910927555849,0.4196352174843601,0.31305478438592654,1,12.715067237168507,2.2008861058341447,6.151021926520864,6.981671444971474,10.05403679083027,7.620536701065052,3.5725732779779835,2,GaussianProcess,conc_torsion_fp,y_minmax,1e-08,,,
0,10.189164352416991,0.08926329784816067,2.5684624671936036,0.018771457922852734,,,,,,{'alpha': 1e-10},1.2938779285456898,0.3262817802542316,1.2480018336387129,1.0437991980125803,1.3131855745866328,1.0450292630075695,0.37192224650659367,2,0.401109229192678,0.8185242059275701,0.35249196217586065,0.44759977608397605,0.3610823970697804,0.476161514089973,0.17446959182235625,1,0.6881446098560374,0.23811319282691026,0.6983680432962842,0.6632359867586621,0.7400957597579179,0.6055915184991625,0.1854060904729957,1,12455.674160543598,117.65157186164384,829.3840388457163,1208.7502002254796,4661.496487403622,3854.591291776012,4577.0469734389035,1,0.06921213414362881,0.9170060977212641,0.6746309078758188,0.27389893342305305,0.21477575964654316,0.4299047665620616,0.31555540741054655,2,18.70362146668005,3.040107922122405,8.019653734994352,9.201650886955047,14.137218503081584,10.620450502766687,5.365520288227453,1,GaussianProcess,conc_torsion_fp,Literature,1e-10,,,
1,10.829862594604492,0.0888450514491099,2.7441884517669677,0.007702987826738117,,,,,,{'alpha': 1e-08},0.9356513165791553,0.3120916935082268,0.8789759232644393,0.7751156524393059,1.019308321177309,0.7842285813936873,0.2490641178313939,2,0.5472271424993245,0.8185236117769108,0.5232189838999366,0.5711401104808419,0.4815148106585784,0.5883249318631184,0.11884693101842995,1,0.6221729579819544,0.23287633044296988,0.6151035080493954,0.6153466726739822,0.7060529800914739,0.5583104898479552,0.1663082820757552,2,9607.559206933032,102.05155888536233,641.2255714051095,930.6062406092365,3463.589524681095,2949.0064205027675,3524.374120280853,2,0.086290969211265,0.91379522208805,0.687014395997908,0.3261240185207992,0.27018695437837115,0.4566823120392788,0.30034007881448244,1,16.61180166158172,2.856766589707293,7.109968059539097,8.239411076358158,12.590473562485842,9.481684189934422,4.723578296674455,2,GaussianProcess,conc_torsion_fp,y_standard,1e-08,,,
0,0.9904804229736328,0.039634210887347684,0.27980427742004393,0.01401938701748811,,,,,,{'alpha': 1e-10},6.736267849557116,8.800388148865777e-20,6.910343709839408,6.806673864443005,7.227542137934312,5.536165512354768,2.773181792839042,2,-2.499924070343093,1.0,-3.0245242520007363,-3.043493866825542,-2.9472473511456543,-2.1030379080630053,1.564138546351381,1,1.9317532752323814,2.6830316788029514e-10,2.040604887107415,2.04836214448549,2.1248666164559435,1.6291173847099067,0.8168803301007553,2,5185.3334760878515,3.0786835763824897e-16,1045.691832564363,644.2221321535873,2456.673345508273,1866.3841572628148,1844.6935591912454,2,0.004908199248972123,1.0,0.0074485961682624335,0.1350485743088351,-0.016767088339315395,0.22612765627735087,0.39062264143583236,1,13.864713707627661,4.860089220947038e-09,7.70266604281222,7.418019617225418,11.06684335195401,8.01044854489588,4.65246080537339,2,GaussianProcess,conc_descirptors,y_minmax,1e-10,,,
0,0.886616563796997,0.04614324723762352,0.2523472785949707,0.026331028452179675,,,,,,{'alpha': 1e-10},2.9939305520773813,3.562818430247275e-20,2.906323565329169,2.8045866017454295,3.1081443908990076,2.3625970220101977,1.1855193744818933,1,-0.3857855803233121,1.0,-0.5079047308620652,-0.48424550406426325,-0.5122372665564126,-0.17803461636121062,0.5907955368752682,1,1.007325469246544,1.383028529046272e-10,1.082469932087842,1.0611645573504662,1.1110230640824341,0.8523966045811179,0.4275484449883699,2,13268.83520587807,4.657385418090355e-16,2506.4892097580405,1408.5907986466225,5981.460765423181,4633.075195941183,4749.306221954622,2,0.008446219410405131,1.0,0.016699043626354104,0.15385388885396045,-0.007570851640705367,0.23428566005000287,0.387202706877183,1,20.117942435339213,5.174713612055016e-09,10.048416045520007,9.563504034749377,15.309169158915445,11.007806335939751,6.7182518703404535,2,GaussianProcess,conc_descirptors,Literature,1e-10,,,
0,0.6841802597045898,0.11013342965369614,0.19775896072387694,0.04304394700525271,,,,,,{'alpha': 1e-10},1.5983368184662388,1.7203991376469968e-20,1.3797310459399865,1.3590282636040876,1.6290600141079095,1.1932312284236444,0.6066512792055141,2,0.22654570594592405,1.0,0.25159546169939584,0.24807000200747464,0.17135623018586899,0.3795134799677327,0.31156781263913547,1,0.8114162755109784,1.0470963380310789e-10,0.8374518525281189,0.8284972092886496,0.8863693891274591,0.6727469453119831,0.33729454045837437,2,10326.696827680804,2.1031978291384025e-16,1966.3288769689689,1126.155660992276,4712.965840564936,3626.429441241397,3694.1152594048763,2,0.017898724697903323,1.0,0.040224441024243385,0.1845216395145719,0.006930835913620426,0.24991512823006778,0.3804594026557565,1,18.122519403030953,3.2213082590271115e-09,9.10771531236052,8.722107009801894,13.914565259711495,9.973381397625236,6.061761827537596,2,GaussianProcess,conc_descirptors,y_standard,1e-10,,,
0,0.298185396194458,0.009535234140455465,0.05805387496948242,0.004708144114384739,,,,,,{'alpha': 1e-10},6.661076582237494,8.739905571135633e-20,6.883672752395623,6.723381380845988,7.121757471768186,5.477977637449459,2.74361015793124,2,-2.460857374622428,1.0,-3.0089913176687206,-2.994014098397594,-2.8894741503331014,-2.070667388204369,1.5482061808441778,1,1.9156827144386215,2.6657782723833425e-10,2.029009593093597,2.029446178304274,2.0959833685664075,1.6140243709338957,0.8090914550732556,2,5185.07561766928,3.078222252095422e-16,1045.6858229428622,644.0517431884583,2456.461244273497,1866.2548856148198,1844.610311332344,2,0.0049576835876858905,1.0,0.007454300390167257,0.1352773435034258,-0.01667930395588857,0.22620200470507806,0.3905948206015226,1,13.846915893310717,4.854711921847215e-09,7.698655849811742,7.404160903026307,11.041794689852512,7.998305468171199,4.645099751138472,2,GaussianProcess,conc_morfeus_descirptors,y_minmax,1e-10,,,
0,0.22100434303283692,0.012465684706942051,0.061240100860595705,0.009897581010183369,,,,,,{'alpha': 1e-10},2.963622671123866,3.5613470678266253e-20,2.902887455801299,2.7764693267555045,3.0741414130003193,2.343424173336198,1.1756494363970453,2,-0.3717571238628259,1.0,-0.5061219542040754,-0.4693652579116352,-0.49569345009059584,-0.16858755721382646,0.5862200459265549,1,0.9980876451599622,1.3809599451618404e-10,1.0796934091756865,1.0521266038493198,1.0975665157874126,0.8454948348220954,0.4240829809811724,2,13268.31020953595,4.657110948865042e-16,2506.4826096828688,1408.1987535915857,5981.145012394642,4632.827317041009,4749.151198486352,2,0.008485451347477801,1.0,0.016701632849640546,0.15408939188225812,-0.007517663371092054,0.2343517625416569,0.3871814200980502,1,20.092492812000856,5.172583179434574e-09,10.045795507750608,9.546685832902892,15.280863910107877,10.993167613586964,6.708526158749746,2,GaussianProcess,conc_morfeus_descirptors,Literature,1e-10,,,
0,0.25789589881896974,0.017411389312962176,0.062462377548217776,0.010575155818345417,,,,,,{'alpha': 1e-10},1.5859715082907795,1.7024586083908153e-20,1.3607458178049978,1.3461982217791248,1.6116862880202312,1.1809203671790267,0.6006417536279668,2,0.23252942736310145,1.0,0.2618935780886068,0.2551686721249776,0.18019361478578222,0.3859570584724937,0.30835846541120193,1,0.8050096792749937,1.039082716166225e-10,0.827053789526991,0.8229454006347542,0.8758876143067021,0.6661792967694699,0.33391691259887984,2,10326.180136657986,2.103192984915353e-16,1966.2487194608073,1125.7115635434293,4712.735283524444,3626.1751406373332,3693.981588083024,2,0.017947863635640493,1.0,0.04026356632932493,0.18484322193166147,0.006979416594071086,0.2500068136981396,0.3804318533075876,1,18.090662381239458,3.2211826385254563e-09,9.084386168246104,8.699675201382936,13.880983301797368,9.951141411177408,6.050423234020883,2,GaussianProcess,conc_morfeus_descirptors,y_standard,1e-10,,,
4,0.49824724197387693,0.02889728294497308,0.0035562992095947267,0.00047559687482655024,,,,,,{'alpha': 2.0},0.470723947015387,0.3689795595988625,0.5150999103742451,0.5261030343597252,0.4752460119182802,0.4712304926532999,0.055510640310578126,5,0.755428657315879,0.7696367751155846,0.7000102790035128,0.6874693227385982,0.7404493082314816,0.7305988684810112,0.03172799159556517,1,0.4724727708905865,0.3885932399938895,0.49859213413029213,0.478805219161726,0.4713701123994212,0.4619666953151831,0.03796689209395993,1,2413.642932620302,143.9920530641528,814.172438262747,236.44623948803496,1089.1419191353443,939.4791165141163,817.1064274762988,1,0.5368096761245917,0.7767076334467075,0.2272025357823967,0.6825403820560876,0.5492263308297416,0.5544973116479051,0.1861370253289369,5,9.019524339641093,3.826661860043626,5.52077128780515,5.287193712168039,7.258206715225075,6.182471582976597,1.7885907086925321,1,Ridge,conc_morgan_fp,y_minmax,2.0,,,
4,0.5300457954406739,0.024539159864967953,0.004967975616455078,0.0007267554329452513,,,,,,{'alpha': 2.0},0.5283859389370643,0.4141782296893741,0.5781977983384715,0.5905487654714909,0.533461940540127,0.5289545345953056,0.06231049426628095,5,0.7554286573158786,0.7696367751155863,0.7000102790035134,0.6874693227385951,0.7404493082314805,0.7305988684810109,0.031727991595566156,1,0.5005751248720464,0.4117064974299212,0.5282480497913974,0.5072842227912676,0.4994068810156501,0.4894441551800566,0.04022513660440945,1,6616.83572470148,320.1428111581606,2062.272222558844,525.146505556118,2802.8780363649953,2465.45506006792,2274.9740227142092,1,0.5055369686510571,0.7741645031674891,0.19096629626398087,0.6845423994781348,0.5278581067570532,0.536613654863543,0.19941305652771193,5,13.875304187529776,5.390403191845219,7.941102682876063,7.492251656571389,10.808008010655005,9.10141394589549,2.9465171867203743,1,Ridge,conc_morgan_fp,Literature,2.0,,,
4,0.46732521057128906,0.06698047786369886,0.0036581993103027345,0.0003348158752373444,,,,,,{'alpha': 2.0},0.5054046305759156,0.39616420450143225,0.5530500021573613,0.5648637835643266,0.5102598595401029,0.5059484960678278,0.059600398146482526,5,0.7554286573158779,0.7696367751155861,0.7000102790035126,0.6874693227385967,0.7404493082314818,0.730598868481011,0.0317279915955658,1,0.48956825226500345,0.40265370846071113,0.5166326923753489,0.4961298274999462,0.4884256962837388,0.4786820353769497,0.039340648078698776,1,5070.857965798245,266.23069875780715,1629.5299196883882,436.6919859248001,2201.2912705020585,1920.9203681342594,1733.5832773774923,1,0.5177454942090427,0.7751101647987477,0.20461779926282186,0.6837800696172817,0.5361658548227273,0.5434838765421243,0.19436048739422007,5,12.49178169847447,5.025528115573165,7.341144012723655,6.968898373135788,9.856441958429171,8.33675883166725,2.5845770170909868,1,Ridge,conc_morgan_fp,y_standard,2.0,,,
1,0.567536449432373,0.03160688606207829,0.004872703552246093,0.0007456068093312249,,,,,,{'alpha': 0.5},0.6435223557427983,0.615479177798415,0.7165859759142876,0.7487640765181072,0.7244589158905071,0.689762100372823,0.05110907759845852,5,0.6656487786755407,0.6157408600059253,0.5826665416650185,0.5551978820498388,0.6043442594746382,0.6047196643741923,0.036804107915679334,1,0.5804986532455694,0.5164175293908226,0.6069363476355842,0.5789184703828198,0.5912256608323604,0.5747993322974313,0.03085610634038127,4,2615.817748400518,210.61924415625694,842.222556181158,278.5261489357846,1176.4290436408526,1024.722948262914,872.6371869082785,4,0.4980113032853144,0.6733870483229849,0.2005778811274117,0.6260426682192262,0.5130999668606585,0.5022237735631191,0.16477515966322268,2,9.880335555231044,4.877823756150646,6.276468136661373,5.857589956716194,8.190939088642216,7.016631298680293,1.7913970468506213,4,Ridge,conc_torsion_fp,y_minmax,0.5,,,
1,0.550048542022705,0.07237306676698682,0.004819059371948242,0.0005146292196409314,,,,,,{'alpha': 0.5},0.7223515317673783,0.6908731653004153,0.8043651828493569,0.8404849851423242,0.8132025296805637,0.7742554789480077,0.05736975593932618,5,0.6656487786755392,0.6157408600059275,0.5826665416650185,0.5551978820498382,0.6043442594746384,0.6047196643741923,0.036804107915679105,1,0.6150263120744935,0.5471336872464756,0.6430365022610428,0.6133521410268084,0.6263913546612659,0.6089879994540173,0.03269140622704291,4,7111.1627633658845,460.9395977732596,2117.230595358708,614.6924618866054,2992.287269523949,2659.2625375816815,2418.1402052374206,4,0.46859688789564824,0.6748434778331633,0.16940601173354697,0.6307517863414496,0.49595231821359564,0.48791009640348076,0.17733040730963906,2,15.067875185869571,6.8446264742480745,8.959360533921997,8.241118035366181,12.070898845920453,10.236775815065254,2.960562289413195,4,Ridge,conc_torsion_fp,Literature,0.5,,,
1,0.5688950061798096,0.019640223239105574,0.005170154571533203,0.0004832963816183227,,,,,,{'alpha': 0.5},0.6909339975875509,0.6608247327434265,0.7693805949944604,0.803929423774952,0.7778335754418337,0.7405804649084446,0.05487454939674214,5,0.6656487786755393,0.6157408600059263,0.5826665416650203,0.5551978820498362,0.6043442594746357,0.6047196643741917,0.036804107915679396,1,0.6015028349166663,0.5351030638788383,0.6288971243527276,0.5998654763003806,0.6126179777986627,0.595597295449455,0.031972572777661336,4,5467.015218292092,385.58567408950483,1677.5695224334922,512.3052685073051,2360.2143531799243,2080.538007300464,1846.1336730413682,4,0.48006969628579144,0.674288881385398,0.18116941424559707,0.6290265414443007,0.5026791676266196,0.49344674019754126,0.17254974578901378,2,13.610840546583212,6.390788399670678,8.307282003121415,7.686750134030257,11.052594798337235,9.409651176348557,2.5940853544060647,4,Ridge,conc_torsion_fp,y_standard,0.5,,,
4,0.01943073272705078,0.002732227657866042,0.0015370368957519532,0.00026176628896319406,,,,,,{'alpha': 2.0},0.5586309599101449,0.47237851096647476,0.7765831724587446,0.5626226755742688,0.7571814854418915,0.6254793608703049,0.12003112374033226,5,0.7097553145608768,0.7050822076143246,0.5477246946767977,0.6657748875106866,0.5864731667131787,0.6429620542151728,0.06496434023672788,1,0.5342336273173848,0.47969508389018517,0.5637514193453079,0.5196410561843298,0.5559319537040596,0.5306506280882534,0.02988418929213379,1,4059.0231817946233,247.52909692391572,19161469.910665795,383.1112198049589,1584.768784115741,3833548.868589687,7663960.643077839,5,0.22105285882027104,0.6161499425366523,-18186.71388189103,0.48562370146951295,0.3440964606619197,-3637.0093917855083,7274.852246263506,1,11.809715324411906,4.985135219610255,212.24609793044027,5.89667625905874,8.195742529959626,48.62667345269616,81.84363282143003,5,Ridge,conc_descirptors,y_minmax,2.0,,,
4,0.020159292221069335,0.002132241692159348,0.0022935867309570312,0.0009344981341479024,,,,,,{'alpha': 2.0},0.6270612450098877,0.5302431810263394,0.8717118203650425,0.6315419314983263,0.849933496410406,0.7020983348620005,0.13473450505605764,5,0.7097553145608748,0.7050822076143244,0.5477246946769483,0.6657748875106637,0.586473166713261,0.6429620542152144,0.06496434023666739,1,0.5660094743685548,0.5082270160589825,0.5972829642724596,0.5505489471865606,0.5889984022173878,0.5622133608207889,0.03166168022425051,1,10804.52407567732,571.9686786961278,89461959.4188499,893.7198712334407,4073.252955028991,17895660.57688611,35783149.610115044,5,0.1925993104531747,0.5965212204557034,-35095.11368488884,0.463138908599509,0.31386477153357695,-7018.709512135561,14038.20208703737,1,18.13956513855346,7.081915535309204,454.35294450898306,8.409092519078213,12.220964945046555,100.0408965293941,177.19760464758315,5,Ridge,conc_descirptors,Literature,2.0,,,
4,0.01996140480041504,0.004358306949429943,0.0019370555877685548,0.0009210926222645166,,,,,,{'alpha': 2.0},0.5997882107161409,0.5071810948662355,0.8337980973276078,0.604074016852633,0.8129669870310112,0.6715616813587257,0.12887444145592608,5,0.7097553145609345,0.705082207614314,0.5477246946768108,0.6657748875106096,0.5864731667134335,0.6429620542152205,0.06496434023668417,1,0.5535638016429162,0.49705189020219476,0.584149635883912,0.538443227536287,0.5760472385321737,0.5498511587594967,0.03096548885669295,1,8376.36281133201,468.4612512312319,55651708.28421681,729.1996557024356,3201.2549783448467,11132896.712582683,22259405.96713699,5,0.20338161014360512,0.6042823983893602,-27162.894123741164,0.47196772142955157,0.3254634739743396,-5432.257805707444,10865.31815985548,1,16.344019493990743,6.580223790910339,359.50596276466763,7.801873318538502,11.139142946590772,80.2742444629396,139.65682345957404,5,Ridge,conc_descirptors,y_standard,2.0,,,
0,0.0028487205505371093,0.00014495720988255123,0.0011386394500732422,0.00013598007971321285,,,,,,{'alpha': 0.1},1.332784239376184,1.092610560137763,1.0551312175148435,1.117963994528475,1.2049995005944567,1.1606979024303443,0.09917936982297555,5,0.3075329330508585,0.31785573041028037,0.3855007287285519,0.33587525343002655,0.34190199156518086,0.3377333274369796,0.026869080782238406,1,0.8734178117069834,0.7738994576098095,0.7854808283587792,0.798442422297228,0.8220332269629551,0.810654749387151,0.03522070541666569,5,5227.924736515891,625.2840064366655,1040.5333360027782,736.9904720258138,2403.9174005324994,2006.9299903027295,1731.3590417513344,5,-0.003265279704896429,0.030355199512560382,0.01234494597650948,0.010495095273198585,0.005067523357710435,0.01099949688301649,0.011093962678308422,1,15.096731501918313,7.651614959362224,8.213138316988212,8.23074153974844,11.096549751460346,10.057755213895508,2.7928651062624708,5,Ridge,conc_morfeus_descirptors,y_minmax,0.1,,,
0,0.0031208038330078126,0.0004694326470488568,0.0015799999237060547,0.00044485983389651275,,,,,,{'alpha': 0.1},1.4960455192229418,1.226451427362952,1.1843809999540018,1.2549105663567464,1.352607609146068,1.3028792244085419,0.11132848621654533,5,0.30753293305085616,0.3178557304102787,0.38550072872856167,0.335875253430022,0.34190199156519263,0.3377333274369822,0.02686908078224308,1,0.9253680997035467,0.819930462661831,0.8322006853413856,0.8459332259321479,0.8709271953605052,0.8588719337998834,0.037315608640888634,5,13476.697988141048,1389.1866147195549,2533.1410530754583,1661.9802993091082,5938.656379083371,4999.932466865708,4538.749308937152,5,-0.0070869547076533035,0.020038437866801484,0.006243469781826438,0.0016418051197777395,-0.0003604972323520972,0.004095252165680052,0.009052235799954605,1,22.664498676157688,10.735087869784172,11.593863237543689,11.589836808663874,16.201895404137062,14.557036399257296,4.486166846561914,5,Ridge,conc_morfeus_descirptors,Literature,0.1,,,
0,0.003214120864868164,0.0004907443693932828,0.002164316177368164,0.0019979262658110534,,,,,,{'alpha': 0.1},1.4309773921854523,1.1731088677579349,1.1328682268628418,1.2003302216391531,1.293778086505944,1.2462125589902653,0.10648643028244952,5,0.3075329330508567,0.3178557304102816,0.3855007287285558,0.33587525343002644,0.3419019915651902,0.33773332743698214,0.0268690807822403,1,0.9050206867339958,0.8019014602189731,0.8139018796838211,0.8273324629512075,0.851776853657468,0.8399866686490931,0.03649509613406168,5,10575.275063661868,1155.580838266723,2031.5456622820575,1374.2733383507282,4738.376239880954,3975.010228488466,3539.386741797092,5,-0.005741845626090036,0.02386018782926891,0.00839178204658686,0.004853229766098477,0.0015766099630173391,0.006587992795776309,0.00981560648265084,1,20.601868832482577,10.024154428945685,10.798528232621834,10.806732280674368,14.889902595165958,13.424237273978084,3.9742373692643436,5,Ridge,conc_morfeus_descirptors,y_standard,0.1,,,
1,5.808898162841797,0.1583063688686533,0.004548120498657227,0.0016609377935547771,,,,,,{'fit_intercept': False},1.1900270030679955e+23,0.35160948906161543,2.866882900824855e+23,1.5283103571574466e+23,1.9991515200981664e+22,1.1570270826120228e+23,1.0312441128445115e+23,2,-6.182955080489806e+22,0.7804813472912905,-1.6696477406163613e+23,-9.07890355677821e+22,-1.0918159163443697e+22,-6.610030391955199e+22,6.035848476850501e+22,1,38889355447.27049,0.36522082251342164,89035176865.43149,67059330510.40569,23422082044.735023,43681188973.64159,31448246601.748737,2,1000000.0,157.85702102215348,1000000.0,1000000.0,1000000.0,800031.5714042045,399936.8571915912,2,-1000000.0,0.7552068530796952,-1000000.0,-1000000.0,-1000000.0,-799999.8489586294,400000.3020827412,1,1000000.0,3.784466653036888,1000000.0,1000000.0,1000000.0,800000.7568933306,399998.48621333874,2,LinearRegression,conc_morgan_fp,y_minmax,,False,,
1,5.956659603118896,0.04553758901893484,0.003266763687133789,0.001056604815804564,,,,,,{'fit_intercept': False},1.3358010344776679e+23,0.39474900815401587,3.2180657537811474e+23,1.715522883792108e+23,2.244040397184506e+22,1.2987587423538748e+23,1.1575678108019322e+23,2,-6.182955080490028e+22,0.7804431811723112,-1.6696477406163116e+23,-9.078903556777806e+22,-1.0918159163445148e+22,-6.6100303919550925e+22,6.035848476850272e+22,1,41202467440.64609,0.3871895280768453,94330927671.04532,71047973157.9186,24815211302.457455,46279315914.49093,33318766582.048477,2,1000000.0,357.790102310313,1000000.0,1000000.0,1000000.0,800071.558020462,399856.88395907584,2,-1000000.0,0.747607309298331,-1000000.0,-1000000.0,-1000000.0,-799999.8504785381,400000.2990429238,1,1000000.0,5.356881766968935,1000000.0,1000000.0,1000000.0,800001.0713763534,399997.85724729317,2,LinearRegression,conc_morgan_fp,Literature,,False,,
1,6.185294437408447,0.04670485131686872,0.0035600185394287108,0.0011832187934121535,,,,,,{'fit_intercept': False},1.2777024871464891e+23,0.37769673967086514,3.078101087872532e+23,1.6409089368873642e+23,2.1464394192967166e+22,1.2422712907672117e+23,1.1072212348455165e+23,2,-6.182955080490122e+22,0.7803753140988413,-1.6696477406162764e+23,-9.07890355677752e+22,-1.0918159163446683e+22,-6.6100303919550145e+22,6.035848476850102e+22,1,40296488921.774635,0.3788574879180371,92256736501.34804,69485738139.27122,24269563195.00974,45261705351.5565,32586138448.985394,2,1000000.0,300.63140979210425,1000000.0,1000000.0,1000000.0,800060.1262819584,399879.7474360832,2,-1000000.0,0.7460512686180829,-1000000.0,-1000000.0,-1000000.0,-799999.8507897463,400000.2984205075,1,1000000.0,5.01591518062452,1000000.0,1000000.0,1000000.0,800001.0031830361,399997.9936339278,2,LinearRegression,conc_morgan_fp,y_standard,,False,,
1,6.294593000411988,0.047652714241759424,0.002656221389770508,0.0004630714152306399,,,,,,{'fit_intercept': False},2.3692147001015507e+24,1.2443446332034065,2.3504780921112107e+23,7.079832078799366e+22,1.6574937192213132e+24,8.665109098643957e+23,9.660763753147692e+23,2,-1.2309592999989277e+24,0.22312433001983722,-1.368898058142729e+23,-4.205763072963472e+22,-9.052230437229655e+23,-4.630259560531601e+23,5.0660281098404194e+23,1,104979131828.32191,0.7116872975063471,52775911004.84319,31303080943.663723,215780223146.8125,80967669384.8706,75588471411.4322,2,1000000.0,169.13297221939928,1000000.0,1000000.0,1000000.0,800033.8265944439,399932.34681111225,2,-1000000.0,0.7377209309444598,-1000000.0,-1000000.0,-1000000.0,-799999.8524558138,400000.2950883724,1,1000000.0,4.741599405690148,1000000.0,1000000.0,1000000.0,800000.9483198811,399998.1033602377,2,LinearRegression,conc_torsion_fp,y_minmax,,False,,
1,5.673335409164428,0.6337797029558416,0.0036695003509521484,0.0007367976458392802,,,,,,{'fit_intercept': False},2.384923007567657e+24,0.8819233567369309,8.671425864155504e+22,5.207430654056838e+22,1.5423003701237143e+24,8.13202388574699e+23,9.767587886315395e+23,2,-1.1038973204556629e+24,0.5094799919561807,-4.499046231419457e+22,-2.75588050345819e+22,-7.50391166753428e+23,-3.853675509115735e+23,4.564907622738978e+23,1,106337186750.31555,0.587633043000525,28917123740.91795,27978809061.23482,204853264648.19293,73617276840.24979,74557298607.25476,2,1000000.0,382.59656477948226,1000000.0,1000000.0,1000000.0,800076.5193129559,399846.96137408825,2,-1000000.0,0.7301083070370737,-1000000.0,-1000000.0,-1000000.0,-799999.8539783385,400000.2920433228,1,1000000.0,6.434795267984293,1000000.0,1000000.0,1000000.0,800001.2869590536,399997.42608189274,2,LinearRegression,conc_torsion_fp,Literature,,False,,
1,6.211142539978027,0.0390317299669604,0.0024924278259277344,0.0007704531410423339,,,,,,{'fit_intercept': False},2.0763677721990423e+24,0.6635178475425578,9.594884615732217e+22,4.5893172359561445e+22,1.2440612319020692e+24,6.92454204523599e+23,8.334074287747384e+23,2,-1.0047791872703878e+24,0.6141748563057874,-5.20453258772071e+22,-2.539200539411936e+22,-6.328088469149895e+23,-3.430050730913408e+23,4.062312939588084e+23,1,99830014065.35648,0.5226481792850775,33344073852.82677,26995248291.901325,185456241071.83362,69125115456.48816,66797023613.127266,2,1000000.0,423.80409514046596,1000000.0,1000000.0,1000000.0,800084.7608190281,399830.4783619438,1,-1000000.0,0.6420050972391464,-1000000.0,-1000000.0,-1000000.0,-799999.8715989806,400000.2568020389,2,1000000.0,6.430017550666073,1000000.0,1000000.0,1000000.0,800001.2860035101,399997.4279929797,1,LinearRegression,conc_torsion_fp,y_standard,,False,,
0,0.06555328369140626,0.008421838213942765,0.0019559860229492188,0.0007988202733747203,,,,,,{'fit_intercept': True},36.12160613862261,0.4013084250687557,1.0257879544015873,1190.2181957228302,4032.4386631394923,1052.041112276083,1558.4950689389973,2,-17.767495831141858,0.7494530508068574,0.40258999070896395,-706.0472407573252,-2201.2746499384502,-584.7874686970803,852.5898522248165,1,0.7632837700230215,0.4186069110971301,0.5716434676681499,2.8653795492792336,4.452857702757771,1.8143542801650612,1.5914486813213296,2,1.2351393499998682e+109,133.96272619637185,17702654.434516914,inf,1000000.0,inf,,1,-2.3702950748253853e+105,0.7922603815573659,-16802.033133995912,-inf,-1000000.0,-inf,,1,1.6567299451361463e+53,3.8900800085010006,203.79776688780817,3.2016759352081516e+253,1000000.0,6.4033518704163035e+252,inf,2,LinearRegression,conc_descirptors,y_minmax,,True,,
0,0.0725069522857666,0.01070842335349477,0.001909494400024414,0.0005534813857017314,,,,,,{'fit_intercept': True},40.546373083940345,0.4504694556418888,1.151443293791157,1336.0156475417218,4526.397908452524,1180.912368365524,1749.405113999671,2,-17.767495830905812,0.7494518323876689,0.4025899900686263,-706.0472407552702,-2201.2746499383334,-584.7874689404106,852.5898520573012,1,0.8086833616330197,0.4435037497553765,0.6056444272157248,3.0358103453314076,4.717710602450654,1.9222704972772362,1.6861072317875139,2,6.5531723031561845e+115,298.1404028724759,82258747.79121494,inf,1000000.0,inf,,1,-4.897055899202828e+111,0.7896854664174011,-32269.27870628985,-inf,-1000000.0,-inf,,1,3.816098153628239e+56,5.465257350966848,435.3932732080879,6.033483027304271e+268,1000000.0,1.2066966054608541e+268,inf,2,LinearRegression,conc_descirptors,Literature,,True,,
0,0.06850657463073731,0.005624963833717777,0.0018477439880371094,0.000970179507530011,,,,,,{'fit_intercept': True},38.78287289546758,0.4308739848652335,1.101363093653762,1277.907765950228,4329.529410569036,1129.5504572986501,1673.3175136371042,2,-17.767495830783453,0.7494535863045282,0.40258999025008424,-706.0472407522469,-2201.2746499365203,-584.7874685885993,852.589852297478,1,0.7909016657089187,0.433754056186922,0.5923272429039851,2.969057572393511,4.613975444776614,1.88000319639399,1.6490319444872306,2,1.731879170197575e+113,247.77279102502996,51266095.35154558,inf,1000000.0,inf,,1,-1.6470714402701832e+109,0.7907018897483952,-25022.25317948865,-inf,-1000000.0,-inf,,1,1.9617900953508846e+55,5.100385223226404,344.78076952557007,6.694154527421295e+262,1000000.0,1.3388309054842591e+262,inf,2,LinearRegression,conc_descirptors,y_standard,,True,,
0,0.003502035140991211,0.00012756669346161782,0.0010352134704589844,1.5019235113920765e-05,,,,,,{'fit_intercept': True},1.3079152684421944,1.0947973829381774,1.0483747387372586,1.1254802620304043,1.2019311368682928,1.1556997578032655,0.0910471075826317,2,0.3204539617154558,0.3164904419018818,0.3894356433782822,0.33141022658273867,0.34357774666412144,0.34027360404849605,0.026324285188738215,1,0.8628067433461528,0.7693421512651439,0.7778220450137087,0.7984079112963242,0.8212659494898961,0.8059289600822451,0.03363172580179523,2,5213.290255104707,622.0285322438613,1039.7590802545176,727.881724811891,2399.8839816502555,2000.5687148130467,1727.6743177531969,2,-0.0004568484771521053,0.035403551288200275,0.013079855254682138,0.022724764972072986,0.006736873326622761,0.015497639272885212,0.012534903732564408,1,14.998220945574465,7.587827926758331,8.084347044908723,8.114715983348406,11.077219481851467,9.972466276488278,2.7993363528495987,1,LinearRegression,conc_morfeus_descirptors,y_minmax,,True,,
0,0.0034718036651611326,0.0001745725127225423,0.0015395641326904296,0.00010378386764528813,,,,,,{'fit_intercept': True},1.468130188718361,1.2289061280978733,1.1767968768061823,1.2633475496172903,1.3491633818899078,1.297268825025923,0.1022000510757539,2,0.32045396171545404,0.3164904419018829,0.38943564337828085,0.33141022658273744,0.3435777466641211,0.3402736040484952,0.02632428518873786,1,0.9141258923277958,0.8151020908844294,0.8240863628544068,0.8458966622407511,0.8701142807534736,0.8538650578121715,0.03563211761635016,1,13446.338686392257,1382.6145286152423,2532.6315515798924,1643.5397371751385,5930.044806950867,4987.03386214268,4530.87166336225,2,-0.004818264204078604,0.024674526133859787,0.0064433482835623,0.012719124346906918,0.001090113146582361,0.008021769541366552,0.010146774708493051,1,22.52952602751949,10.647427474350321,11.41336157526765,11.424029572338899,16.176069094773897,14.43808274885005,4.496544740339851,1,LinearRegression,conc_morfeus_descirptors,Literature,,True,,
0,0.004632091522216797,0.0026551103296944905,0.0011847972869873046,0.00028117246358928897,,,,,,{'fit_intercept': True},1.4042761947057252,1.1754568051777043,1.125613963122435,1.2084002516943693,1.2904836604515302,1.2408461750303528,0.09775502194984406,2,0.3204539617154524,0.31649044190188247,0.38943564337828107,0.33141022658273633,0.34357774666411955,0.3402736040484943,0.02632428518873831,1,0.8940256781067599,0.7971792568674709,0.8059659785954851,0.8272967032388191,0.8509818137850654,0.83508988611872,0.03484862247279523,1,10549.322489391358,1149.8990209264648,2030.7417684728282,1358.3488969524192,4731.095982875722,3963.881631723758,3532.732026270198,2,-0.00327367436922521,0.028659720607631,0.008784166880653643,0.016384528513642027,0.003110633120217199,0.010733074950583732,0.011057960395290483,1,20.47462500262252,9.941587929369991,10.62983711046958,10.65289924906692,14.865308206953936,13.312851499696588,3.983477169111443,1,LinearRegression,conc_morfeus_descirptors,y_standard,,True,,
0,0.15889420509338378,0.023026443517969435,0.006153583526611328,0.0020018526782046397,,,,,,{'alpha': 0.1},1.9248057647716323,1.6023451387701966,1.7190163357974986,1.6855479631807684,1.8341030456536709,1.7531636496347531,0.11357494867523805,1,-6.029708309363002e-05,-0.00038439513088528443,-0.0011402071291835014,-0.0012971073823351276,-0.0016763998768993815,-0.000911681320479385,0.0005980731745096364,1,1.065090514387751,1.010532034685654,1.076927352433841,1.049069282035061,1.0641576345594683,1.0531553636203548,0.023074009075165245,1,5393.770844962006,685.5227522699209,1102.5054916261747,795.1277447597711,2509.6358384574264,2097.31253441506,1772.8578379549676,1,-0.03509198930076707,-0.06305865096790408,-0.04647788131060615,-0.06756170288263363,-0.038687186037921206,-0.05017548209996643,0.012972445152812383,1,15.697131941210491,8.478689632003663,9.040576212517129,9.102622515042546,11.939465002878249,10.851697060730416,2.706734675838616,1,Lasso,conc_morgan_fp,y_minmax,0.1,,,
0,0.2087458610534668,0.010927579677455142,0.005197334289550781,0.0012075549202451054,,,,,,{'alpha': 0.1},2.009549628587103,1.6657319929403978,1.7498518789037598,1.7283605199986747,1.8925447275873668,1.8092077496034604,0.12468087828172651,5,0.06984986799116011,0.07353075033741674,0.09211418921691694,0.08531570049800274,0.07920086529356363,0.08000227466741203,0.008006562477991601,1,1.083878567331647,1.0266080301358995,1.082458208287531,1.0571547274739064,1.0743848387332966,1.064896874392456,0.02137616904759291,5,13780.281935530926,1487.480127000904,2635.553879642062,1754.854372215273,6122.776737568267,5156.1894103914865,4619.337057848508,5,-0.029773181952935213,-0.049299880557923226,-0.033933296156691606,-0.05414802091866444,-0.03137538033171405,-0.03970595198358571,0.0100199672698027,1,23.244617575307696,11.621542862508209,12.383257847145,12.460932607112152,17.0811427661208,15.358298731638774,4.390242809244232,5,Lasso,conc_morgan_fp,Literature,0.1,,,
0,0.17829561233520508,0.0074865350683540706,0.005337142944335937,0.001493552545422636,,,,,,{'alpha': 0.1},2.0134421340879705,1.6712163576200287,1.7987115459481138,1.755106867993587,1.9144950997549497,1.8305944010809299,0.12048972200504106,5,0.025671281267154344,0.028214095956915375,0.024328771870066546,0.028925638215022587,0.026165750179332203,0.026661107497698212,0.0016855145709022386,1,1.0874274142337699,1.0286313009544297,1.1006203488888775,1.0685409939560266,1.0836284248281929,1.0737696965722594,0.024777003024476125,5,10856.022949379856,1252.7681777322473,2132.9145628240663,1466.7829272139752,4914.980291598334,4124.6937817496955,3611.508725539814,5,-0.032441850594080224,-0.05823569689788255,-0.04108691621188343,-0.06213534958261291,-0.03563563471394038,-0.0459070896000799,0.012044920077967201,1,21.26912549182518,10.972575600378889,11.733463181255917,11.795623752795317,15.855317132399163,14.32522103173089,3.8707959327678325,5,Lasso,conc_morgan_fp,y_standard,0.1,,,
0,0.15141196250915528,0.005572863648398099,0.0064375877380371095,0.0020841270838082,,,,,,{'alpha': 0.1},1.9248057647716323,1.6023451387701966,1.7190163357974986,1.6855479631807684,1.8341030456536709,1.7531636496347531,0.11357494867523805,1,-6.029708309363002e-05,-0.00038439513088528443,-0.0011402071291835014,-0.0012971073823351276,-0.0016763998768993815,-0.000911681320479385,0.0005980731745096364,1,1.065090514387751,1.010532034685654,1.076927352433841,1.049069282035061,1.0641576345594683,1.0531553636203548,0.023074009075165245,1,5393.770844962006,685.5227522699209,1102.5054916261747,795.1277447597711,2509.6358384574264,2097.31253441506,1772.8578379549676,1,-0.03509198930076707,-0.06305865096790408,-0.04647788131060615,-0.06756170288263363,-0.038687186037921206,-0.05017548209996643,0.012972445152812383,1,15.697131941210491,8.478689632003663,9.040576212517129,9.102622515042546,11.939465002878249,10.851697060730416,2.706734675838616,1,Lasso,conc_torsion_fp,y_minmax,0.1,,,
0,0.15909576416015625,0.002661108408318947,0.005506372451782227,0.0011825169145319482,,,,,,{'alpha': 0.1},1.9969917122062442,1.6479725596248223,1.7548810180945627,1.723723515923518,1.88307899797978,1.8013295607657853,0.12382663938135739,5,0.07566248760166683,0.08340843109761487,0.08950489172903853,0.08776969940343704,0.08380632349224115,0.08403036666479968,0.004783543314685073,1,1.073451405993043,1.0133790082703675,1.0753243221801143,1.0532286476859782,1.0719649253682302,1.0574696618995465,0.02343625243096246,5,13781.858205809556,1490.4022013604892,2637.0415801293225,1753.1418330841489,6123.380510288784,5157.164866134461,4619.576831278537,5,-0.02989097350959824,-0.05136117349275793,-0.03451692416762664,-0.05311929183185038,-0.031477085219209666,-0.04007308964420857,0.010060437210669966,1,23.20440509447581,11.565701240869869,12.354126244366995,12.444498823107878,17.064964567947083,15.326739194153527,4.39017519648053,5,Lasso,conc_torsion_fp,Literature,0.1,,,
0,0.1467381477355957,0.007249313096990723,0.004197406768798828,0.0008097505276167924,,,,,,{'alpha': 0.1},2.0103758837596524,1.6609024860842299,1.789697640332153,1.755748458098685,1.9210066204388443,1.8275462177427126,0.12370860928080787,5,0.027155076457055616,0.03421144927918307,0.02921816527079457,0.028570656012401607,0.02285357567379087,0.02840178453864515,0.003654698403990986,1,1.084137317541042,1.0233730758764925,1.093893292390229,1.0685692463136327,1.087217086850167,1.0714380037943125,0.025428169744893193,5,10857.385703957487,1253.4606198571344,2132.860726546429,1466.487847152995,4916.04153620432,4125.247286743674,3612.002431795432,5,-0.03257145283097618,-0.058820615151407685,-0.04106063843909191,-0.06192167449960717,-0.03585924959455089,-0.04604672610312677,0.012045040187347394,1,21.254702803822017,10.949180915176395,11.707836246507256,11.794705736771979,15.867890545548155,14.31486324956516,3.8742449091629156,5,Lasso,conc_torsion_fp,y_standard,0.1,,,
0,0.19197568893432618,0.06780090229415993,0.0019512176513671875,0.0013137925861433594,,,,,,{'alpha': 0.1},1.1574390725979213,1.025009692575674,0.9752711127411176,1.053204378626788,1.0889030470537275,1.0599654607190456,0.06128497279521081,5,0.3986360161721618,0.3600606532887103,0.4320105612237939,0.374345601052283,0.4053068683504475,0.3940719400174793,0.02502914085119686,1,0.8082969766756534,0.757605367536832,0.7583684460395846,0.7832675303390598,0.7954264176437239,0.7805929476469708,0.020085097760081924,5,5164.719366089373,595.8260802712183,971.7009290342904,683.9337787092609,2337.9940950688488,1950.8348498345981,1725.0354367065343,5,0.00886415153899578,0.07603640140711432,0.07767939733025941,0.08173055930980277,0.032351837518782456,0.055332469420990946,0.02936770725083185,1,14.673221070544676,7.4735022091182355,7.76639854140898,7.909108851013648,10.861914261489321,9.736828986714972,2.756069259551868,5,Lasso,conc_descirptors,y_minmax,0.1,,,
0,0.615756607055664,0.05871121905861526,0.002872943878173828,0.0008812441956668381,,,,,,{'alpha': 0.1},0.9056445279572035,0.9002696746634574,0.8198108858129753,0.8989811398098794,0.9508624685549235,0.8951137393596879,0.04226317196507077,5,0.580808871177394,0.49927588981039894,0.5746527579114906,0.5242405015516456,0.537367162050451,0.543269036500276,0.03074570336548464,1,0.7129957615033355,0.7166644078176705,0.7054668113235848,0.7163930041762194,0.7144580532573173,0.7131956076156255,0.00408959458132689,5,12592.251563875996,1175.55116667028,2094.777760805394,1357.6925485089369,5409.9337201975795,4526.041352011637,4313.241801085885,5,0.05900597523697826,0.1707413925160276,0.17821430566260965,0.18442867072781644,0.08870228535326685,0.13621852589933975,0.051960105845083475,1,20.733990553246024,9.824225212019321,9.896812182363817,10.279099193591565,14.772745779213924,13.10137458408693,4.2432175239489895,5,Lasso,conc_descirptors,Literature,0.1,,,
0,0.48316125869750975,0.04933470510131481,0.0038938045501708983,0.0034850526022639355,,,,,,{'alpha': 0.1},0.9217684236130794,0.8970103783721523,0.810311217212203,0.8829633280210127,0.9517608447698803,0.8927628383976656,0.047401330287561626,5,0.5539452403710914,0.4784026391868267,0.560464632449912,0.5114696057125352,0.5158737630648431,0.5240311761570418,0.03009500889409447,1,0.7277893599470148,0.719620057317888,0.7009614325450677,0.7114143289687083,0.7202511639867071,0.7160072685530772,0.00913622289495395,5,9960.199078492791,997.3655375337444,1707.0440580369545,1139.6672407575095,4347.430940722712,3630.3413711087424,3388.699100387592,5,0.05275381078003538,0.1575074834798903,0.1667827370138767,0.17473755610925268,0.0839527048833314,0.12714685845327728,0.049310658826255724,1,19.076868872097158,9.308947738377356,9.36636429501221,9.671912686685891,13.741438460550993,12.233106410544723,3.8063309838043167,5,Lasso,conc_descirptors,y_standard,0.1,,,
0,0.016643428802490236,0.0029634689473730753,0.0015842914581298828,0.0008282292478048707,,,,,,{'alpha': 0.1},1.5985107475243154,1.3225594577616504,1.3318666464717555,1.3746917171740802,1.4792552037104159,1.4213767545284435,0.104577986834483,5,0.1694709345130464,0.17429284667535616,0.2243324146779615,0.18336655496213838,0.19212007718806712,0.1887165656033139,0.01942747124075449,1,0.9376914740234031,0.8668746123216938,0.9067871436734389,0.90231830715856,0.9374248330390231,0.9102192740432237,0.026259583806170664,5,5314.072457463818,659.6265441237714,1061.0497752223,764.3106759704068,2454.9892894422164,2050.8097484445025,1753.986316109155,5,-0.019797464406996923,-0.02290070142374301,-0.007128879786312936,-0.026185807435085362,-0.016070091815127308,-0.018416588973453107,0.006561909242619207,1,15.372832623284454,8.049971347133685,8.529165602638786,8.577899031259282,11.56340631723013,10.418654984309267,2.7721308218734433,5,Lasso,conc_morfeus_descirptors,y_minmax,0.1,,,
0,0.020842647552490233,0.0027459019805838756,0.0031538009643554688,0.0029598519648324274,,,,,,{'alpha': 0.1},1.5797888616097389,1.2543216443242793,1.2858160847463407,1.3115050863525797,1.4693427667040029,1.3801548887473882,0.12430189974931996,5,0.2687710732451307,0.302354497855746,0.332872574706613,0.305924257512758,0.2851056419189707,0.2990056090478436,0.02150995284583533,1,0.9396962268222717,0.8361167335601137,0.8691481200859169,0.8669225414574189,0.9137713386542212,0.8851309921159884,0.03684299581705914,5,13560.075125446925,1409.311979384157,2541.5803022374726,1669.9836680627425,5984.796024788883,5033.149419984036,4566.510518683135,5,-0.013317563078895756,0.005841580809403779,0.0029327346947660704,-0.0031658504132998644,-0.008132672615770442,-0.0031683541207592424,0.007015028425389017,1,22.598321715692233,10.801002450623844,11.567019424377602,11.55282090064374,16.41583450054153,14.58699979837579,4.476297894257752,5,Lasso,conc_morfeus_descirptors,Literature,0.1,,,
0,0.018619060516357422,0.0011495223655825194,0.0012917041778564454,0.0001978228015413549,,,,,,{'alpha': 0.1},1.53056550269195,1.2214009171956444,1.2468130664406074,1.2732757997188013,1.4184518897471188,1.3381014351588243,0.11802843132927889,5,0.25934105583320166,0.28977466675449626,0.3236938749168141,0.2955155568380412,0.2784849477361413,0.2893620204157389,0.0211484351455501,1,0.9189727907695943,0.8227296200980949,0.856712407679805,0.854085954375631,0.8956357976871665,0.8696273141220583,0.0338205253030592,5,10663.577148089431,1179.8592233178322,2044.603669938248,1386.794622502347,4789.083634607429,4012.7836596910574,3567.3717898216487,5,-0.014139650962612382,0.00335180153658432,0.002018099218590752,-0.004213755043210421,-0.009107946598076566,-0.00441829036974486,0.006608191903719592,1,20.558322213967358,10.121578224996234,10.825030069927852,10.80959084687549,15.124735192935125,13.487851309740412,3.9564235920284827,5,Lasso,conc_morfeus_descirptors,y_standard,0.1,,,
110,45.68848257064819,1.9545906700533233,0.05712480545043945,0.01066612917632324,,,,300.0,,"{'max_depth': None, 'min_samples_leaf': 1, 'min_samples_split': 2, 'n_estimators': 300}",0.23316673400585625,0.04306222563617958,0.2775563929420381,0.18519886989290843,0.3170794113074266,0.2112127267568818,0.09491314677217547,135,0.8788548966615045,0.9731151688211803,0.8383535636436472,0.889982903622447,0.8268303605153691,0.8814273786528295,0.05161909233220671,1,0.28122781521361456,0.13017799312208572,0.32014111278514973,0.27947923982168654,0.3478519909219608,0.2717756303728995,0.07526674271572537,135,3166.6026619091936,70.31345228995411,450.0063004295633,221.50213983656593,715.4709284516974,924.7790965833949,1141.902100044775,132,0.3923128840925425,0.8909630300544374,0.5728623182136235,0.7026047661467095,0.7038811472256399,0.6525248291465907,0.16495733942186333,4,8.816350745473818,1.7402331151181674,4.499260223396303,3.727344492527875,5.7554756998774215,4.9077328552787165,2.349007574443012,134,RandomForest,conc_morgan_fp,y_minmax,,,1.0,2.0
110,49.31233544349671,2.1713261832747937,0.08056912422180176,0.006125047750454838,,,,300.0,,"{'max_depth': None, 'min_samples_leaf': 1, 'min_samples_split': 2, 'n_estimators': 300}",0.26223441404208325,0.04958482441829037,0.31944856382523457,0.20663742061603507,0.35752027979156176,0.23908510053864102,0.107688695055532,135,0.8786208753600175,0.972421244673117,0.8342586467640581,0.8906431834446077,0.8260520031715468,0.8803991906826696,0.05226610143714314,1,0.29816865759268907,0.13892212306484963,0.34343518561506947,0.29517045165727007,0.3722831483040352,0.2895959132467827,0.08067590044425826,134,8640.826505210667,179.86230214000904,1303.8246943155982,494.891268251367,1896.640297553085,2503.2090134941454,3127.557415424743,132,0.3542881454383521,0.8731213353869098,0.48850684699821045,0.702716841205152,0.6805129123460125,0.6198292162749274,0.1802594751535384,6,13.7052302977629,2.7539661522153684,6.701488368154997,5.2786731433572625,8.759216847176416,7.439714961733389,3.692400027132624,133,RandomForest,conc_morgan_fp,Literature,,,1.0,2.0
110,47.23901863098145,2.058806525592416,0.04721379280090332,0.0029159348564600585,,,,300.0,,"{'max_depth': None, 'min_samples_leaf': 1, 'min_samples_split': 2, 'n_estimators': 300}",0.2473946228386344,0.05179705885038011,0.29846051686925634,0.20510593365133217,0.3334307198201658,0.22723777040595375,0.09800528790664037,135,0.8802827844859084,0.9698808287555465,0.8381067049366002,0.8865179566834747,0.8303958809062515,0.8810368311535562,0.04966159242776641,1,0.2869231960793076,0.1375809540253271,0.33131643257620164,0.2933213594477188,0.3562700059800841,0.2810823896217279,0.07609626291206113,135,6631.359778772603,153.80543492530282,835.8524647311863,396.6246422480215,1446.8075678700116,1892.8899777094252,2409.673790240213,134,0.36933687466622034,0.8700777969077318,0.5920159765973378,0.7127938666102799,0.695143136907121,0.6478735303377381,0.16524317638644467,2,12.226227250177779,2.5422447065236966,5.898894480946059,4.889493425268719,7.870384465394281,6.685448865662107,3.2592809615043996,134,RandomForest,conc_morgan_fp,y_standard,,,1.0,2.0
112,19.570017623901368,0.2737504622006686,0.024547529220581055,0.0016257589200545349,,,,200.0,,"{'max_depth': None, 'min_samples_leaf': 1, 'min_samples_split': 5, 'n_estimators': 200}",0.6955469557338191,0.38344438909283846,0.6917488486718256,0.5882885015165711,0.8032448709448394,0.6324547131919787,0.14186084683112793,135,0.6386186554938273,0.7606060180371761,0.5971314691902572,0.6505281441156726,0.5613161253647794,0.6416400824403425,0.06734088687757259,1,0.5989217019599508,0.39823351292290404,0.5625369716871562,0.5373889417151891,0.6298854835577007,0.5453933223685803,0.08002274309441859,132,3890.11459327913,142.69614442833623,609.4320907248685,232.1347372881352,859.7251608328486,1146.8205453106639,1395.8358273360736,129,0.2534672738782986,0.7787172339765327,0.42153829804169607,0.6883291306701833,0.6441772569599765,0.5572458387053374,0.19208718482856857,9,11.692742469712822,3.8665833281078124,6.416070451478311,5.321961249451781,7.896378585578886,7.038747216865923,2.6755525607741895,132,RandomForest,conc_torsion_fp,y_minmax,,,1.0,5.0
111,9.626776266098023,0.19321513034025214,0.01611218452453613,0.004285006190002526,,,,100.0,,"{'max_depth': None, 'min_samples_leaf': 1, 'min_samples_split': 5, 'n_estimators': 100}",0.8051584663014347,0.4319930552617627,0.7658385389297991,0.6664109817162165,0.9071572015185345,0.7153116487455494,0.161301478000004,135,0.6273203492640923,0.7597282855441122,0.6026555440333627,0.6473214616172769,0.558631532441593,0.6391314345800875,0.06717276766240114,1,0.6447728524474607,0.41929988294036347,0.5926624551697134,0.5744356531667305,0.6674841999618867,0.5797310087372309,0.08702238013895215,131,10611.711060479523,331.45838110783706,1623.4541045836618,588.8064486890995,2133.0081943955743,3057.6876378511392,3834.13687959201,126,0.20700784527931826,0.7661822612664965,0.36311556121961697,0.6463016177198665,0.6406969856916379,0.5246608542353872,0.2066851542772734,12,18.11357856338482,5.52960598924886,9.306715748254586,7.702132126972246,11.213520684159679,10.373110622404038,4.2977201932959375,131,RandomForest,conc_torsion_fp,Literature,,,1.0,5.0
111,9.57862491607666,0.19826216598671262,0.015465450286865235,0.004485059925583968,,,,100.0,,"{'max_depth': None, 'min_samples_leaf': 1, 'min_samples_split': 5, 'n_estimators': 100}",0.7797876631508006,0.4158618867022873,0.7371858717376877,0.6315919718864221,0.8462792732494862,0.6821413333453368,0.15031031361534392,135,0.6226514276927295,0.7581828841709263,0.600129856030238,0.6505496148452404,0.5695284144058763,0.6402084394290022,0.06470721283873031,1,0.6331555736837623,0.41151762119342794,0.5809789715549213,0.5592056687594927,0.6450774089498468,0.5659870488282902,0.08354453271392256,130,8125.117426054415,265.0653110236451,1304.1990049144208,514.1562868321271,1683.7394817659765,2378.455502118117,2919.0001816604185,125,0.22727583473568203,0.7760945886713668,0.36341354509990353,0.6276861713329217,0.6452192067031524,0.5279378693086053,0.20137145056463984,12,16.235498985545977,5.0752816352823515,8.54939639973068,7.304963603793663,10.289432319818221,9.490914588834178,3.7759687986255748,131,RandomForest,conc_torsion_fp,y_standard,,,1.0,5.0
81,7.259345531463623,0.143322025622235,0.011035537719726563,0.0043027640857430495,,,20.0,100.0,,"{'max_depth': 20, 'min_samples_leaf': 1, 'min_samples_split': 2, 'n_estimators': 100}",0.1352597184032639,0.026967456981501742,0.08947089033960809,0.1084162334989314,0.14510668512837405,0.1010441968703358,0.041923398063433606,135,0.9297238834975162,0.9831635379370494,0.9478929293332908,0.9355955075933218,0.9207514854184989,0.9434254687559355,0.02173579350767456,1,0.21215320584263514,0.09035734775430464,0.1892021257633212,0.20384833613231235,0.2189909763131431,0.18291039836114328,0.04733075140581361,132,2085.329703725792,55.35862792655914,224.76598647603785,106.97348235584153,574.9847205463143,609.4825042061091,759.8539912017135,128,0.5998146503769917,0.9141538801911706,0.7866562705540829,0.8563742823216531,0.7620255288647197,0.7838049224617235,0.10638802109715531,10,7.339159598710856,1.2299119037720967,2.4940279336477387,2.651419743646275,4.227400940099683,3.5883840239753297,2.1030724232869997,129,RandomForest,conc_descirptors,y_minmax,,,1.0,2.0
109,14.824973773956298,0.40655071972943035,0.024486637115478514,0.007218448776600267,,,,200.0,,"{'max_depth': None, 'min_samples_leaf': 1, 'min_samples_split': 2, 'n_estimators': 200}",0.15597105245132864,0.030474746474912717,0.09962967828094106,0.12420172065292698,0.1596951708334885,0.11399447373871958,0.04719463307558557,134,0.9278064632177494,0.9830501451494423,0.9483085555213873,0.9342698687352264,0.9223018758939823,0.9431473817035576,0.02176031881542283,1,0.22605647918642963,0.09290699271760183,0.20144316776678017,0.21689269860363186,0.22751347007924,0.19296256167073672,0.05088155198165079,135,5965.563291330556,119.15148481167027,588.7205191686126,225.26431488651625,1471.1656108083414,1673.9730442011394,2197.857038631943,128,0.554205267976732,0.9159480274649014,0.7690437097109355,0.8646828275434301,0.75218368129147,0.7712127027974938,0.12421273154115421,5,11.516169673979437,1.8364507832861054,3.8239103766427274,3.82405020127747,6.333756983790998,5.466867603795348,3.3443575314965295,131,RandomForest,conc_descirptors,Literature,,,1.0,2.0
110,22.19630637168884,0.41733130838684995,0.03196401596069336,0.006612942213639809,,,,300.0,,"{'max_depth': None, 'min_samples_leaf': 1, 'min_samples_split': 2, 'n_estimators': 300}",0.14073333090602583,0.025678903939849975,0.09711691324511959,0.11380889869073507,0.15597462532828432,0.10666253442200295,0.04537188401331586,135,0.9318974587532484,0.9850681231270617,0.9473210820092288,0.9370312397057063,0.9206613627441138,0.9443958532678718,0.02207516223031481,1,0.21740948207100944,0.0880416520342467,0.1970847227734017,0.20733400079341643,0.2259795867390451,0.18716988888222388,0.05050134319957521,135,4394.770246493021,96.67102518175071,494.38403798733543,165.651368433899,994.8792581706844,1229.2711872533378,1614.2771285459507,133,0.5820435579970611,0.918340255187335,0.7586885276590104,0.8800475715554121,0.7903689636842327,0.7858977752166103,0.11723657382284129,4,10.208309601270285,1.6093615140391806,3.5467445543714504,3.384878889844818,5.566237115469392,4.863106334999025,2.9519624296128484,134,RandomForest,conc_descirptors,y_standard,,,1.0,2.0
82,3.505253267288208,0.11459915707910459,0.01644749641418457,0.0023167863218762513,,,20.0,200.0,,"{'max_depth': 20, 'min_samples_leaf': 1, 'min_samples_split': 2, 'n_estimators': 200}",0.2586305115082983,0.03478180166291421,0.21559351179554126,0.1697956170661793,0.23242876660252068,0.18224604172709075,0.07920310856473706,135,0.8656248277579176,0.9782848458947975,0.874440208298217,0.8991331816546294,0.8730614341926111,0.8981088995596345,0.041646197696089134,1,0.29369644500326925,0.11332464566080348,0.2755715990625682,0.25253964752610675,0.2881532834349876,0.24465712413754703,0.06717563502089853,131,2553.676253115584,64.73905466282542,578.429021353285,121.80507333974111,479.2770625107653,759.5852929964401,918.66507232251,133,0.5099365714921916,0.8996073990441348,0.45096583976055526,0.8364609556498309,0.8016369802489682,0.6997215492391362,0.18272192756882566,4,8.056831806844581,1.5378773560431132,3.852496406829976,3.007409831351355,4.7349745058481725,4.23791798138344,2.181012951393276,132,RandomForest,conc_morfeus_descirptors,y_minmax,,,1.0,2.0
83,5.267842483520508,0.1420773454718856,0.026608943939208984,0.005467468253473282,,,20.0,300.0,,"{'max_depth': 20, 'min_samples_leaf': 1, 'min_samples_split': 2, 'n_estimators': 300}",0.294786585363484,0.03656411347933786,0.24114969115791926,0.19343360211401134,0.25610000768407853,0.2044067999597662,0.08998034436917848,135,0.8635536155018653,0.9796632790128611,0.8748829055096046,0.89763091854821,0.8753970450281339,0.8982255527201349,0.042191515796980016,1,0.31058739827531134,0.1178585555699001,0.29140025844739753,0.26824350659064006,0.30087410452586927,0.2577927646818237,0.07136321139418558,134,6926.741107814034,151.48700687702532,1600.7107723517097,283.3487105039245,1225.7763996471938,2037.612799438777,2505.531893077746,133,0.4823783530316401,0.8931378676348236,0.37203781799524493,0.8297912994167665,0.7935192389703452,0.6741729154097641,0.20711207011605937,6,12.40883688505276,2.193142647610756,5.64273571907002,4.4186277966779715,7.079020789491138,6.34847276758053,3.4278520518817235,131,RandomForest,conc_morfeus_descirptors,Literature,,,1.0,2.0
82,3.5035462856292723,0.05233922078432172,0.017633676528930664,0.002018004486609158,,,20.0,200.0,,"{'max_depth': 20, 'min_samples_leaf': 1, 'min_samples_split': 2, 'n_estimators': 200}",0.2772721542062172,0.034994319703652424,0.22814418658736027,0.1826028694725162,0.24761899552644573,0.19412650509923834,0.08530849284588919,135,0.8658246898809379,0.979651356058999,0.8762482404586647,0.8989685652954911,0.8740451940667235,0.8989476091521633,0.04182251690460912,1,0.3032907718137472,0.11437137912513946,0.2851119376664248,0.2659093622294368,0.2968670758180714,0.2531101053305639,0.07052537721141335,131,5233.545109407243,113.3470115282264,1225.6863597639,217.17508219734046,970.2072679651737,1551.9921661723768,1889.4558872634138,135,0.5022734363109767,0.9042537511185877,0.401735983817359,0.8427379214943271,0.7955675994305076,0.6893137384343516,0.1993555173783086,1,10.930500714794498,2.0159889537661098,5.158836982191711,3.947052121473232,6.416742833080949,5.6938243210612995,2.993636196555456,135,RandomForest,conc_morfeus_descirptors,y_standard,,,1.0,2.0
